makam,num_usuls,shapeh_mean,shapeh_best,avg_rank,best_rank
Acem Selam,1,72.18819618825384,72.18819618825384,78.21428571428571,78.21428571428571
Nikrîz Fantezi,1,69.77112567685917,69.77112567685917,95.21428571428571,95.21428571428571
Ferahfezâ Beste,1,71.14548332919868,71.14548332919868,105.07142857142857,105.07142857142857
Nişâbureyn Peşrev,1,73.51443652052006,73.51443652052006,132.83333333333334,132.83333333333334
Ferahfezâ Ağırsemâî,1,70.47316500709255,70.47316500709255,145.71428571428572,145.71428571428572
Yegâh Beste,1,71.15209257471777,71.15209257471777,146.21428571428572,146.21428571428572
Isfahân Beste,1,70.77355778437547,70.77355778437547,158.04761904761904,158.04761904761904
Hicaz-Hümâyûn Nakış,1,69.39111485972899,69.39111485972899,169.54761904761904,169.54761904761904
Sûzinâk-Zirgüle Nakış,1,68.43364062706789,68.43364062706789,174.0952380952381,174.0952380952381
Dügâh Yürüksemâî,1,68.47719840058963,68.47719840058963,183.28571428571428,183.28571428571428
Arazbâr Ağırsemâî,1,67.58165391722765,67.58165391722765,187.71428571428572,187.71428571428572
Beste-Isfahan Yürüksemâî,1,67.50757918175249,67.50757918175249,190.54761904761904,190.54761904761904
Sûzidilârâ Peşrev,1,70.17034415853597,70.17034415853597,203.8095238095238,203.8095238095238
Şedarabân Beste,1,70.55227464996106,70.55227464996106,214.35714285714286,214.35714285714286
Hüseynî Düet,1,67.35974307925146,67.35974307925146,218.07142857142858,218.07142857142858
Rast Kâr-ı Nâtık,1,68.7951350794729,68.7951350794729,225.02380952380952,225.02380952380952
Dilkeşhâveran Ağırsemâî,1,69.9637057333571,69.9637057333571,229,229
Nev`eser Nakış,1,65.32621036570862,65.32621036570862,238.28571428571428,238.28571428571428
Rehâvî Beste,1,68.29343872132371,68.29343872132371,242.71428571428572,242.71428571428572
Acemaşîrân İlâhî,1,67.51636694682254,67.51636694682254,247.64285714285714,247.64285714285714
Rast Kâr-ı Nev,1,67.3883966877575,67.3883966877575,250.88095238095238,250.88095238095238
Hicaz-Hümâyûn Murabbâ,1,69.23333443906026,69.23333443906026,256.64285714285717,256.64285714285717
Hicaz Sazsemâîsi,1,65.91853958499144,65.91853958499144,268.5238095238095,268.5238095238095
Hicazkâr Beste,2,65.56830941232099,69.85496684752422,283.1904761904762,183.14285714285714
Tâhir Peşrev,1,68.88566048836633,68.88566048836633,284.9047619047619,284.9047619047619
Hüzzam Beste,2,66.08367999230462,70.44505154281808,295.2261904761905,160.21428571428572
Sultânîyegâh Medhal,1,64.55850711732022,64.55850711732022,297.26190476190476,297.26190476190476
Beyâtî Beste,5,68.88865988130186,74.58797977781397,301.1642857142857,55.54761904761905
Dügâh İlâhî,1,62.74217687995454,62.74217687995454,301.6904761904762,301.6904761904762
Evcârâ Sazsemâîsi,1,65.69066256991428,65.69066256991428,305.1190476190476,305.1190476190476
Gülizâr Peşrev,1,67.99864906281495,67.99864906281495,313.42857142857144,313.42857142857144
Hüseynî (Mi'de) Türkü,1,64.37045801449554,64.37045801449554,317.7857142857143,317.7857142857143
Ruhnevaz Nakış,2,66.60837904547674,69.14933912802096,321.80952380952385,222.1904761904762
Rast Medhal,2,65.3435704656392,66.85306053692332,335.3452380952381,196.16666666666666
Sultânîsegâh Peşrev,1,63.86247507281002,63.86247507281002,336.95238095238096,336.95238095238096
Nihâvent Kâr,1,67.54984227110074,67.54984227110074,345.4047619047619,345.4047619047619
Hicaz-Hümâyûn Beste,1,68.70597347964743,68.70597347964743,353.8095238095238,353.8095238095238
Muhayyer Yürüksemâî,1,66.30844226609443,66.30844226609443,357.1666666666667,357.1666666666667
Şeddisabâ Sazsemâîsi,1,61.23320073428403,61.23320073428403,362.1904761904762,362.1904761904762
Rast Ağırsemâî,1,63.21753937524249,63.21753937524249,364.0238095238095,364.0238095238095
Pençgâh Murabbâ,1,65.62788870322167,65.62788870322167,365.04761904761904,365.04761904761904
Şehnâz Yürüksemâî,1,61.83369734136423,61.83369734136423,378.3333333333333,378.3333333333333
Sabâ Beste,2,65.09608510414145,66.04348525682674,381.05952380952385,334.23809523809524
Pesendîde Nakış,1,62.126787453431355,62.126787453431355,383.2142857142857,383.2142857142857
Eviç Peşrev,1,65.47308582550959,65.47308582550959,385.8333333333333,385.8333333333333
Karcığar Nakış,1,66.01103993756911,66.01103993756911,389.6666666666667,389.6666666666667
Dügâh Kâr,1,67.25718832762048,67.25718832762048,390.6190476190476,390.6190476190476
Gülşen-i-Vefâ Sazsemâîsi,1,60.37856496040778,60.37856496040778,391.73809523809524,391.73809523809524
Hisarbûselik Sazsemâîsi,1,65.12901708741607,65.12901708741607,396.4047619047619,396.4047619047619
Eviç Sazsemâîsi,1,62.69598048066284,62.69598048066284,398.7857142857143,398.7857142857143
Şedarabân Peşrev,1,65.88718182960905,65.88718182960905,404.9047619047619,404.9047619047619
Hicazkâr Nakış,1,65.00116047062718,65.00116047062718,409.73809523809524,409.73809523809524
Nühüft Beste,2,64.41047340004185,68.73873437202471,416.7142857142857,225.47619047619048
Irak Sazsemâîsi,1,65.1961159067778,65.1961159067778,419.4761904761905,419.4761904761905
Hisarbûselik Beste,1,60.75924419966491,60.75924419966491,420.73809523809524,420.73809523809524
Acemkürdî Ağırsemâî,1,62.24002037318889,62.24002037318889,423.6666666666667,423.6666666666667
Muhayyer Murabbâ,1,67.60037484144178,67.60037484144178,424.6666666666667,424.6666666666667
Muhayyer Beste,2,63.9572753289995,69.44010093862647,428.7619047619047,228.3095238095238
Acemaşîrân Ağırsemâî,1,66.39164279347872,66.39164279347872,442.5238095238095,442.5238095238095
Eviç-Horasânî Peşrev,1,63.103420712219716,63.103420712219716,445.0952380952381,445.0952380952381
Nevâ Murabbâ,2,64.86659791656614,66.36743970209675,447.54761904761904,298.0238095238095
Bestenigâr Peşrev,1,66.16012881854833,66.16012881854833,460,460
Hicazaşîrân Beste,1,65.71126160190799,65.71126160190799,461.26190476190476,461.26190476190476
Sultânîyegâh Yürüksemâî,1,62.30808928141511,62.30808928141511,461.92857142857144,461.92857142857144
Hüseynî Beste,5,63.75696020868522,67.09539182859628,463.747619047619,309.54761904761904
Yegâh Ağırsemâî,1,62.58657999870155,62.58657999870155,467.0952380952381,467.0952380952381
Nişâburek Peşrev,2,66.9500558816093,70.67533210645121,468.98809523809524,125.78571428571429
Isfahân Peşrev,2,63.75762324124115,64.7460120057527,480.33333333333337,243.88095238095238
Rast Peşrev,5,65.44757926858259,69.42955762848831,481.0571428571429,267.8333333333333
Beyâtî Ağırsemâî,2,62.79286436371772,67.62332448729143,486.27777777777777,237.53174603174602
Hisar Nakış,1,62.19276860668832,62.19276860668832,488.5952380952381,488.5952380952381
Sabâ Sazsemâîsi,1,61.538310844678335,61.538310844678335,490.5357142857143,490.5357142857143
Hicaz Beste,5,65.08225016183972,71.59499334291311,506.56190476190477,178.71428571428572
Hüzzam Yürüksemâî,1,65.00551922258843,65.00551922258843,509.8809523809524,509.8809523809524
Muhayyer Peşrev,4,62.95851109335838,68.50898116553523,513.6607142857142,324.6190476190476
Sabâ Mî`râciye,1,66.1610615976072,66.1610615976072,516.7619047619048,516.7619047619048
Nevâ Peşrev,2,63.45864556976918,65.96488646151289,524.9702380952381,472.32142857142856
Sûzidil Ağırsemâî,1,61.23798702269983,61.23798702269983,536.7777777777778,536.7777777777778
Acemaşîrân Beste,2,65.52600566376412,65.83501559855134,536.7857142857142,519.8333333333334
Müberka Sazsemâîsi,1,63.59854857733297,63.59854857733297,536.9047619047619,536.9047619047619
Uşşak Fantezi,1,62.461795827447666,62.461795827447666,541.9047619047619,541.9047619047619
Sabâ Peşrev,7,63.03942462959426,75.97953002601577,554.984693877551,34.642857142857146
Bûselik Peşrev,2,63.969479340983966,64.06160420428593,561.952380952381,558.0952380952381
Bûselik Murabbâ,1,61.324871808595475,61.324871808595475,562.8095238095239,562.8095238095239
Yegâh Nakış,1,58.2034094989272,58.2034094989272,574.2619047619048,574.2619047619048
Kürdî Peşrev,1,59.209348490747054,59.209348490747054,576.8095238095239,576.8095238095239
Nev`eser Sazsemâîsi,1,64.42590311606743,64.42590311606743,582.1011904761905,582.1011904761905
Mâhur Tavşanca,2,60.707141225686755,62.51471617447226,584.0833333333333,521.9285714285714
Segâh Kâr,1,64.56412092026598,64.56412092026598,589.6666666666666,589.6666666666666
Mâhur Yürüksemâî,1,63.11011685566791,63.11011685566791,592.1309523809524,592.1309523809524
Ferahfezâ Sazsemâîsi,1,64.36468634019496,64.36468634019496,592.6309523809524,592.6309523809524
Dilkeşhâveran Beste,2,62.16504575064033,63.32501151685859,594.2261904761905,485.0952380952381
Segâh Sazsemâîsi,1,59.11068906372031,59.11068906372031,595.063492063492,595.063492063492
Hicazkâr Ağırsemâî,1,65.36274709521112,65.36274709521112,601.452380952381,601.452380952381
Muhayyer Dîvân,1,62.974664182918936,62.974664182918936,601.5238095238095,601.5238095238095
Uşşak Kalenderî,1,60.89481646729997,60.89481646729997,606.5952380952381,606.5952380952381
Sultânîyegâh Sazsemâîsi,1,58.64069498874356,58.64069498874356,606.9047619047619,606.9047619047619
Hüseynî Nakış,1,57.323872228025515,57.323872228025515,608.2857142857143,608.2857142857143
Ferahfezâ Peşrev,3,63.897275471794316,68.37451235236081,610.0873015873016,193.52380952380952
Acemkürdî Peşrev,1,64.48925723503267,64.48925723503267,611.4047619047619,611.4047619047619
Nevâ Yürüksemâî,1,62.55991003384807,62.55991003384807,622.3809523809524,622.3809523809524
Şevk`efzâ Sazsemâîsi,1,60.94125664377399,60.94125664377399,632.4761904761905,632.4761904761905
Rûy-i-Irâk Sazsemâîsi,1,59.27817058219503,59.27817058219503,636.2857142857143,636.2857142857143
Sûzinâk-Zirgüle Longa,1,58.61126469183824,58.61126469183824,640.2619047619048,640.2619047619048
Yegâh Medhal,1,61.648843450294095,61.648843450294095,650,650
Eviç Ağırsemâî,1,63.14571995816142,63.14571995816142,651.2380952380952,651.2380952380952
Nevâ Sazsemâîsi,1,60.22018369923732,60.22018369923732,651.9166666666666,651.9166666666666
Bûselik Nakış,1,62.38069994619921,62.38069994619921,652.452380952381,652.452380952381
Uşşak Beste,3,64.81447170592796,72.57014708135902,653.4126984126984,135.42857142857142
Sûzidilârâ Sazsemâîsi,1,62.43020242672468,62.43020242672468,653.4761904761905,653.4761904761905
Hicazkâr Sazsemâîsi,1,59.81834032010315,59.81834032010315,656.1071428571429,656.1071428571429
Beyâtî Peşrev,2,63.83772258606062,68.68404479401693,658.7619047619048,293.54761904761904
Kürdî Ağırsemâî,1,56.81096174639188,56.81096174639188,664.7380952380952,664.7380952380952
Bûselik Kârçe,1,62.762446076307455,62.762446076307455,666.452380952381,666.452380952381
Nev`eser Beste,3,63.02971833425778,72.30461528061753,666.8492063492063,118.73809523809524
Ferahnâkaşîrân Peşrev,1,60.56607681899033,60.56607681899033,669.6904761904761,669.6904761904761
Mâhur Beste,2,61.63435379721899,63.60624016335451,670.3571428571429,660.9761904761905
Isfahân Sazsemâîsi,1,60.45877039226777,60.45877039226777,673.5,673.5
Dilkeşhâveran Sazsemâîsi,1,55.93037779977013,55.93037779977013,673.7142857142857,673.7142857142857
Sabâ Nakış,1,61.414672203170426,61.414672203170426,683.1785714285714,683.1785714285714
Nişâburek Beste,1,62.27985547605848,62.27985547605848,683.452380952381,683.452380952381
Hüseynî Peşrev,4,60.81185589990918,66.0966634824443,684.4801587301587,307.6904761904762
Hicaz-Hümâyûn Peşrev,2,63.00681323688134,67.49068637017848,688.3214285714286,250.3095238095238
Hicaz-Hümâyûn Kâr,1,62.093965678234895,62.093965678234895,690.3809523809524,690.3809523809524
Mâhur Peşrev,3,58.347517000778176,59.99566178539081,700.1269841269841,464.95238095238096
Zâvil Peşrev,1,61.163390797895914,61.163390797895914,705.0714285714286,705.0714285714286
Sûzinâk Ağırsemâî,1,55.80614652591772,55.80614652591772,706.5714285714286,706.5714285714286
Nişâburek Sazsemâîsi,1,62.01886661900504,62.01886661900504,707,707
Sûzidil Beste,1,62.653125242301705,62.653125242301705,709.7380952380952,709.7380952380952
Hicaz Ağırsemâî,2,62.893078254332494,67.68256758009886,711.6071428571428,370.8333333333333
Kürdîlihicazkâr Fantezi,1,54.9801484190851,54.9801484190851,712.452380952381,712.452380952381
Sabâ Taksim,1,61.37698940123388,61.37698940123388,716.4285714285714,716.4285714285714
Nihâvent Medhal,1,56.579684943112305,56.579684943112305,719.6190476190476,719.6190476190476
Ruhnevaz Durak,1,59.050603001078606,59.050603001078606,720.5714285714286,720.5714285714286
Aşkefzâ Peşrev,1,59.957636445520535,59.957636445520535,724.2619047619048,724.2619047619048
Muhâlif Peşrev,1,55.37686056369139,55.37686056369139,729.2380952380952,729.2380952380952
Hüseynî Sazsemâîsi,1,60.02779933266998,60.02779933266998,730.6607142857143,730.6607142857143
Isfahân Yürüksemâî,1,57.26914900335666,57.26914900335666,733.2380952380952,733.2380952380952
Acembûselik Şarkı,1,55.40401657355827,55.40401657355827,742.452380952381,742.452380952381
Nihâvent Sazeseri,1,57.664539168274814,57.664539168274814,743.1666666666666,743.1666666666666
Nikrîz Ağırsemâî,1,56.32761273954838,56.32761273954838,746.547619047619,746.547619047619
Isfahân Taksim,1,61.08643693255596,61.08643693255596,750.7857142857143,750.7857142857143
Rast Yürüksemâî,1,59.89500143914089,59.89500143914089,754.3333333333334,754.3333333333334
Nevâ Nakış,2,60.123117347207625,64.34317481210947,758.7738095238095,383.45238095238096
Gülizâr Sazsemâîsi,1,60.631149444562084,60.631149444562084,760.5714285714286,760.5714285714286
Kûçek Nefes,1,58.28044263064513,58.28044263064513,767.8333333333334,767.8333333333334
Sipihr Sazsemâîsi,1,61.166790620016336,61.166790620016336,773.3809523809524,773.3809523809524
Hicaz-Uzzâl Köçekçe,1,54.688291616561216,54.688291616561216,773.6904761904761,773.6904761904761
Hüzzam Ağırsemâî,1,54.84764140636795,54.84764140636795,776.3095238095239,776.3095238095239
Bestenigâr Sazsemâîsi,1,59.6649230607363,59.6649230607363,779.7380952380952,779.7380952380952
Sûzidil Murabbâ,1,56.71483208247114,56.71483208247114,781.1190476190476,781.1190476190476
Ferahnâk Yürüksemâî,1,55.74350339617586,55.74350339617586,781.6428571428571,781.6428571428571
Ferahnâk Peşrev,1,62.27848712197785,62.27848712197785,782.5714285714286,782.5714285714286
Karcığar Beste,1,62.55489259422739,62.55489259422739,784.1666666666666,784.1666666666666
Sûzidil Peşrev,1,61.615859292648096,61.615859292648096,785.3809523809524,785.3809523809524
Rast Nakış,1,59.820177726276626,59.820177726276626,787.5238095238095,787.5238095238095
Tâhirbûselik Beste,1,53.46906762727877,53.46906762727877,792.1904761904761,792.1904761904761
Şedarabân Sazsemâîsi,1,60.96450989534053,60.96450989534053,795.5952380952381,795.5952380952381
Hicazkâr Peşrev,4,60.69847073635916,62.608946548819176,796.1011904761905,403.4761904761905
Nişâbur Beste,1,59.06837584921352,59.06837584921352,799.0714285714286,799.0714285714286
Nihâvent Peşrev,3,59.73714789407963,65.80781398592656,805.0555555555555,396.3333333333333
Karcığar Ağırsemâî,1,60.826395049246514,60.826395049246514,805.4761904761905,805.4761904761905
Sûzidil Yürüksemâî,1,62.327831375009424,62.327831375009424,805.9404761904761,805.9404761904761
Beyâtî Mehter,1,62.29430303688925,62.29430303688925,808,808
Hüzzam Peşrev,3,62.3354583981082,69.95150914093627,808.4920634920635,190.14285714285714
Müstear Sazsemâîsi,1,53.36819188473732,53.36819188473732,810,810
Uşşak Ağırsemâî,1,57.729922457334965,57.729922457334965,815.5952380952381,815.5952380952381
Gülzâr Sazsemâîsi,1,58.96571388276833,58.96571388276833,815.8095238095239,815.8095238095239
Hicaz-Hümâyûn Ağırsemâî,1,58.89060577873712,58.89060577873712,816.936507936508,816.936507936508
Şevk`efzâ Şarkı,5,56.31945788106211,63.54893728784705,817.4428571428572,321.5238095238095
Rehâvî Şarkı,2,55.15506389372044,56.5737132204175,824.3214285714287,678.3333333333334
Ruhnevaz Beste,1,62.4170240946046,62.4170240946046,826.9047619047619,826.9047619047619
Geveşt Sazsemâîsi,1,55.46636309034535,55.46636309034535,827.1190476190476,827.1190476190476
Karcığar Peşrev,2,61.89503394106932,65.35945728614031,827.5357142857142,446.14285714285717
Beyâtî Sazsemâîsi,1,58.779268154708284,58.779268154708284,828.0595238095239,828.0595238095239
Uşşak Ruy-i Nikriz Peşrev,1,61.97826683470999,61.97826683470999,831.0714285714286,831.0714285714286
Acemkürdî Sazsemâîsi,1,58.567240053935,58.567240053935,843.6190476190476,843.6190476190476
Hisarbûselik Yürüksemâî,2,56.41929640591922,58.6066350028521,847.6785714285714,722.8333333333334
Arazbârbûselik Beste,1,62.37222683846268,62.37222683846268,848.7142857142857,848.7142857142857
Kürdîlihicazkâr Peşrev,2,61.285820067492715,64.83735142981007,853.6309523809524,630.5952380952381
Tâhirbûselik Sazsemâîsi,1,59.05899585881503,59.05899585881503,855.047619047619,855.047619047619
Acemaşîrân Nakış,1,58.970714024206394,58.970714024206394,861.4285714285714,861.4285714285714
Nevâ Ağırsemâî,1,61.23370316169394,61.23370316169394,862.8809523809524,862.8809523809524
Dilküşâ Sazsemâîsi,1,57.6431896410613,57.6431896410613,869.0952380952381,869.0952380952381
Rûy-i-Dilârâ Sazsemâîsi,1,56.61798388257092,56.61798388257092,872.5,872.5
Sazkâr Sazsemâîsi,1,58.06984407486023,58.06984407486023,873.6666666666666,873.6666666666666
Şehnâz Sazsemâîsi,1,56.5506282530334,56.5506282530334,875.5238095238095,875.5238095238095
Hüseynî Ağırsemâî,1,57.730241778394216,57.730241778394216,885.2738095238095,885.2738095238095
Ruhnevaz Sazsemâîsi,1,59.01110357622622,59.01110357622622,885.3095238095239,885.3095238095239
Muhayyersünbüle Şarkı,3,53.72275452574154,60.37827051820531,887.2698412698413,503.73809523809524
Vecd-i-Dil Türkü,1,59.33026794274337,59.33026794274337,887.3333333333334,887.3333333333334
Segâh Sazeseri,1,52.42649890278638,52.42649890278638,900.7380952380952,900.7380952380952
Nev`eser Yürüksemâî,1,60.48714663628694,60.48714663628694,909.9047619047619,909.9047619047619
Rast Beste,3,58.540851161936956,63.71691186670924,911.0,506.07142857142856
Uşşak Yürüksemâî,2,55.55769480370954,56.66737990578431,917.8174603174604,847.7857142857143
Kürdî Fantezi,1,56.706602811273434,56.706602811273434,918.4761904761905,918.4761904761905
Nev`eser Peşrev,4,60.890571476327935,65.21211197717342,919.9345238095237,590.4761904761905
Ferahnâk Şarkı,4,53.878519607795184,57.96384620477528,922.5456349206349,650.8571428571429
Şehnâzbûselik Sazsemâîsi,1,58.62346002081339,58.62346002081339,925.6071428571429,925.6071428571429
Evcârâ Yürüksemâî,1,52.63889903037234,52.63889903037234,928.8809523809524,928.8809523809524
Ferahnâk Sazsemâîsi,1,56.187272278753305,56.187272278753305,929.2142857142857,929.2142857142857
Yegâh Peşrev,1,58.24305094694655,58.24305094694655,933.3333333333334,933.3333333333334
Acemaşîrân Peşrev,4,57.75825662606879,70.14133200279777,939.1666666666666,141.33333333333334
Çargâh İlâhî,1,53.476622676370674,53.476622676370674,940.7380952380952,940.7380952380952
Gülizâr Türkü,1,57.64048964914056,57.64048964914056,942.4047619047619,942.4047619047619
Ruhnevaz Şarkı,6,58.595260072692106,62.633624627944855,944.9503968253969,442.64285714285717
Bûselik Sazsemâîsi,1,57.85774153819821,57.85774153819821,947.3888888888889,947.3888888888889
Hisar Sazsemâîsi,1,52.21415899661851,52.21415899661851,950.3571428571429,950.3571428571429
Muhayyer Sazsemâîsi,1,56.74738398905989,56.74738398905989,962.0952380952381,962.0952380952381
Karcığar Sazsemâîsi,1,57.097909454709445,57.097909454709445,963.0396825396825,963.0396825396825
Nigâr Sazsemâîsi,1,54.747403271445805,54.747403271445805,965.0238095238095,965.0238095238095
Nev`eser Şarkı,10,58.532195696250554,64.89833386618514,967.0643253968254,404.1904761904762
Yegâh Sazsemâîsi,1,51.91070868076387,51.91070868076387,976.7619047619048,976.7619047619048
Sultânîyegâh Murabbâ,1,55.28679666013467,55.28679666013467,978.0952380952381,978.0952380952381
Hicaz Medhal,1,53.65451895009114,53.65451895009114,978.5595238095239,978.5595238095239
Muhayyer İlâhî,2,52.86168190026024,53.118442623590184,979.1785714285713,877.7142857142857
Nihâvent Taksim,1,56.27014997456482,56.27014997456482,981.0714285714286,981.0714285714286
Şehnâz Şarkı,9,54.75123774074212,66.0799442971385,993.1825396825396,346.7142857142857
Uşşak Peşrev,3,56.02718680176248,64.02743408663183,994.6111111111111,450.92857142857144
Hicaz-Uzzâl Beste,1,54.39400543692048,54.39400543692048,997.3571428571429,997.3571428571429
Rehâvî Marş,1,51.2834785804066,51.2834785804066,999.2142857142857,999.2142857142857
Nev`eser Ağırsemâî,2,58.56557632490676,65.4540998829625,1004.1666666666666,553.1428571428571
Acemaşîrân Selam,2,56.22811148176703,60.37722942199713,1005.7261904761905,995.3809523809524
Bûselik Ağırsemâî,2,55.69665517762074,62.708090081880066,1010.1071428571429,751.1428571428571
Kürdîlihicazkâr Sazsemâîsi,1,57.58452418601361,57.58452418601361,1011.3452380952381,1011.3452380952381
Hisarbûselik Türkü,2,53.40982239481055,62.76823918678727,1011.8214285714286,370.3333333333333
Hicazkâr Fantezi,1,54.802645221126,54.802645221126,1020.7619047619048,1020.7619047619048
Hüseynî Dîvân,1,55.16550544984325,55.16550544984325,1023.4047619047619,1023.4047619047619
Vecd-i-Dil Peşrev,1,59.906634975717715,59.906634975717715,1024.0238095238096,1024.0238095238096
Evcârâ Şarkı,3,54.27467102135407,59.536136310492964,1026.1785714285716,721.9166666666666
Uşşak Taksim,1,58.00490172834617,58.00490172834617,1030.3095238095239,1030.3095238095239
Sûzinâk-Zirgüle Sazsemâîsi,1,55.002278781174056,55.002278781174056,1031.595238095238,1031.595238095238
Hicaz-Zirgüle Tevşihilâhi,1,53.704304120230304,53.704304120230304,1033.595238095238,1033.595238095238
Şehnâz Ağırsemâî,1,55.852739265578805,55.852739265578805,1035.0714285714287,1035.0714285714287
Hisarbûselik Şarkı,6,54.20195159189139,56.96817459446892,1045.5079365079364,892.3333333333334
Ferahnümâ Türkü,2,56.74628625826263,59.75061683284109,1049.154761904762,672.7857142857143
Nişâburek Yürüksemâî,1,54.78328997933912,54.78328997933912,1051.4285714285713,1051.4285714285713
Hüseynî Yürüksemâî,2,56.76325371488642,58.10295091393076,1051.5238095238096,849.9761904761905
Nevâbûselik Şarkı,1,50.49036494620293,50.49036494620293,1051.7857142857142,1051.7857142857142
Sabâ-Zemzeme Şarkı,2,53.48740064822727,54.5330760415218,1052.654761904762,900.6428571428571
Sûzinâk Şarkı,6,54.984346843238306,68.06363323022934,1058.3832199546484,236.78571428571428
Isfahân Şarkı,7,52.69400152556882,60.20966029896816,1067.5688775510205,601.5714285714286
Sûzidil Sazsemâîsi,1,55.30406590503554,55.30406590503554,1069.2301587301588,1069.2301587301588
Ruhnevaz İlâhî,1,58.504348254338595,58.504348254338595,1070.6904761904761,1070.6904761904761
Muhayyerkürdî Peşrev,1,58.044691228457864,58.044691228457864,1078.404761904762,1078.404761904762
Hüseynî Şarkı,11,52.49864046241185,57.55972628644713,1080.1245769382133,664.9761904761905
Aşîrân Zemzeme Peşrev,1,50.822266787089085,50.822266787089085,1081.8333333333333,1081.8333333333333
Sûzinâk-Zirgüle Şarkı,14,52.74416493757689,61.4941703428696,1084.180454324587,454.5
Nihâvent Ağırsemâî,1,55.20389500973203,55.20389500973203,1088.1309523809523,1088.1309523809523
Beyâtî-Arabân Şarkı,4,53.59330316314053,63.82388247126307,1089.205357142857,293.5238095238095
Şevk`efzâ Peşrev,1,59.36453898342171,59.36453898342171,1090.857142857143,1090.857142857143
Mâhur Marş,2,54.74716511617284,57.156824713038354,1093.1666666666667,996.8809523809524
Sûzinâk Sazsemâîsi,1,53.61537390903578,53.61537390903578,1093.1904761904761,1093.1904761904761
Şerefnümâ Sazsemâîsi,1,54.81470802397563,54.81470802397563,1095.404761904762,1095.404761904762
Hüzzam Şarkı,19,53.18188055198029,69.53160727318703,1097.9064797410192,236.28571428571428
Segâh Peşrev,3,56.79590751304688,63.141991809751424,1099.9920634920636,745.6190476190476
Nikrîz Nakış,1,56.24587175480153,56.24587175480153,1105.357142857143,1105.357142857143
Sabâ Şuğul,1,53.65632959495858,53.65632959495858,1115.7857142857142,1115.7857142857142
Acem Türkü,1,49.40270637189744,49.40270637189744,1116.047619047619,1116.047619047619
Müstear Şarkı,2,52.78532125659012,53.20168915226891,1117.4255952380954,905.827380952381
Eviç Şarkı,10,52.731942221967095,60.98223747989758,1120.0849206349205,457.7857142857143
Gülizâr Şarkı,1,49.014600785418835,49.014600785418835,1121.857142857143,1121.857142857143
Zîrefkend Peşrev,1,50.72399565903797,50.72399565903797,1124.7619047619048,1124.7619047619048
Acemtarab Peşrev,1,58.404532856473274,58.404532856473274,1128.0714285714287,1128.0714285714287
Eviç Rumelitürküsü,2,50.84502849044588,52.08693712137748,1129.2142857142858,946.4761904761905
Hüzzam Sazsemâîsi,1,54.77354493793103,54.77354493793103,1134.2142857142858,1134.2142857142858
Nihâvent Beste,3,51.578963071862326,62.22457234992005,1139.3333333333333,549.0238095238095
Hicazkâr Şarkı,15,52.51337433177851,69.80434844767123,1141.1363624338624,255.5952380952381
Bestenigâr Şarkı,4,52.7013945192777,66.22137155865371,1142.639880952381,353.5238095238095
Isfahân Türkü,2,52.13878855095018,58.74851893638828,1144.9166666666667,856.4761904761905
Hicaz Yürüksemâî,1,56.81184665018653,56.81184665018653,1148.1904761904761,1148.1904761904761
Şedarabân Ağırsemâî,1,50.57032835613736,50.57032835613736,1151.5714285714287,1151.5714285714287
Rast Kârçe,1,52.43313957333721,52.43313957333721,1153.642857142857,1153.642857142857
Arazbârbûselik Sazsemâîsi,1,58.46340287948936,58.46340287948936,1154.1666666666667,1154.1666666666667
Beyâtî Şarkı,16,51.92038729520587,63.1997567163246,1155.6896494708994,303.26190476190476
Mâhur Ağırsemâî,1,53.809272748449835,53.809272748449835,1165.4285714285713,1165.4285714285713
Ruhnevaz Sazeseri,1,58.44250708190984,58.44250708190984,1168.9285714285713,1168.9285714285713
Karcığar İlâhî,1,49.94530641966755,49.94530641966755,1179.4761904761904,1179.4761904761904
Bûselik Şarkı,12,51.43384166726091,60.25352301796795,1188.2088884164777,514.0793650793651
Bûselik Mehter,1,52.58317071345772,52.58317071345772,1193.5,1193.5
Mâhur Şarkı,15,50.37533230928586,62.145055919936624,1193.9069113756614,494.0238095238095
Hicaz-Hümâyûn Sazsemâîsi,1,50.35517694130094,50.35517694130094,1206.547619047619,1206.547619047619
Hicaz-Zirgüle Türkü,3,47.114328493934934,66.84795368944114,1207.8492063492063,307.1190476190476
Hicaz-Uzzâl Sazsemâîsi,1,52.84266601659413,52.84266601659413,1208.2380952380952,1208.2380952380952
Yegâh Şarkı,10,51.2293283423497,60.071145135618714,1208.8599206349206,630.3333333333334
Hüzzam Taksim,1,56.22844149547735,56.22844149547735,1216.6666666666667,1216.6666666666667
Şîvenümâ Beste,1,49.75116832264537,49.75116832264537,1216.7380952380952,1216.7380952380952
Nihâvent Yürüksemâî,1,53.87546159295816,53.87546159295816,1219.079365079365,1219.079365079365
Hüzzam Kanto,1,49.95813390394265,49.95813390394265,1219.1666666666667,1219.1666666666667
Karcığar Şarkı,15,51.623233869122444,73.26444164213882,1221.0642857142857,56.714285714285715
Hicaz Peşrev,2,56.917120328464634,59.42604202725742,1222.607142857143,1011
Segâh Şarkı,18,49.93391444775135,67.13798293897203,1223.9109347442682,300.7261904761905
Anberefşân Sazsemâîsi,1,51.45371240367194,51.45371240367194,1224.1666666666667,1224.1666666666667
Sultânîyegâh Şarkı,7,53.36907159201093,61.92128392470388,1231.8489229024942,621.7142857142857
Rengidil Gazel,1,51.38712369414826,51.38712369414826,1235.1666666666667,1235.1666666666667
Hicaz Şarkı,18,50.34450651334237,67.4684367354245,1236.8827532298928,253.35714285714286
Muhayyer Şarkı,12,50.595405999038725,66.11964784902521,1238.4574175824175,373.8809523809524
Uşşak Sazsemâîsi,1,51.21224283622897,51.21224283622897,1240.8380952380953,1240.8380952380953
Acemaşîrân Yürüksemâî,2,48.61820143265582,73.0932861310023,1243.9880952380952,90.38095238095238
Tâhir Tesbih,1,51.66921431586732,51.66921431586732,1244.047619047619,1244.047619047619
Lâlegül Sazsemâîsi,1,51.208810144169775,51.208810144169775,1245.2380952380952,1245.2380952380952
Bûselik Yürüksemâî,1,49.886515239054376,49.886515239054376,1248.5714285714287,1248.5714285714287
Beyâtî İlâhî,2,48.61944294187677,59.595265823207214,1252.0119047619048,628.1190476190476
Şehnâz İlâhî,2,47.169694560901874,66.69915792786216,1254.142857142857,171.28571428571428
Mürekkep-Isfahan Şarkı,1,49.98380868060785,49.98380868060785,1254.2857142857142,1254.2857142857142
Mâhur Sazsemâîsi,1,53.01259183893447,53.01259183893447,1257.0595238095239,1257.0595238095239
Ferahnümâ Şarkı,1,48.73572209703081,48.73572209703081,1257.8095238095239,1257.8095238095239
Acemaşîrân Şarkı,14,51.034082358234514,61.08120809896835,1257.907634164777,775.8571428571429
Segâh Fantezi,2,50.72344302450102,52.855412767537544,1263.5416666666665,1108.4880952380952
Rast Zeybek,2,54.90062848706766,54.929573332524676,1269.0238095238096,1267.1904761904761
Beyâtî Kanto,1,49.501805133191525,49.501805133191525,1269.9285714285713,1269.9285714285713
Sûzinâk Peşrev,2,52.95418432183624,56.14061604458668,1271.6904761904761,1165.1666666666667
Sabâ Şarkı,13,50.36892999596133,59.757553687526205,1274.0353654282226,727.4795918367347
Nikrîz Peşrev,1,51.73755521257663,51.73755521257663,1275.5238095238096,1275.5238095238096
Uşşak Şarkı,22,49.56244670187624,67.97132351379948,1280.7248617123616,340.9047619047619
Kürdîlihicazkâr Şarkı,18,50.53749296726045,57.74740950175938,1283.54166633515,772.1964285714286
Hicazeyn Peşrev,1,49.729018067646415,49.729018067646415,1288.6904761904761,1288.6904761904761
Sazkâr Ağırsemâî,1,47.89356558823007,47.89356558823007,1291.7857142857142,1291.7857142857142
Hicaz-Hümâyûn Şarkı,11,50.081531310319974,64.53009853813619,1295.7373737373737,587.2063492063492
Beyâtî-Arabân Sazsemâîsi,1,51.39335889190685,51.39335889190685,1297.8095238095239,1297.8095238095239
Hicazkâr Koşma,1,54.91167985500455,54.91167985500455,1303.952380952381,1303.952380952381
Sûzidil Şarkı,10,50.533398731486905,63.46635087986352,1310.044642857143,560.5595238095239
Sûzidilârâ Yürüksemâî,1,53.91695174749966,53.91695174749966,1310.7857142857142,1310.7857142857142
Ferahnâk Türkü,1,46.37025801697835,46.37025801697835,1314.1904761904761,1314.1904761904761
Segâh Yürüksemâî,1,47.90398017953879,47.90398017953879,1315.952380952381,1315.952380952381
Hicazkâr Sirto,1,55.91522988301065,55.91522988301065,1319.6190476190477,1319.6190476190477
Zâvil Ağırsemâî,1,54.400583749218896,54.400583749218896,1321.3333333333333,1321.3333333333333
Hicaz-Hümâyûn Fantezi,1,51.833400185721366,51.833400185721366,1324.8095238095239,1324.8095238095239
Sûzidilârâ Şarkı,1,51.19400544370409,51.19400544370409,1325.2380952380952,1325.2380952380952
Sultânîyegâh Peşrev,1,55.2221455844896,55.2221455844896,1337.2857142857142,1337.2857142857142
Bûselik İlâhî,1,49.91556989405298,49.91556989405298,1342.2619047619048,1342.2619047619048
Karcığar Sazeseri,1,48.23283764203922,48.23283764203922,1350.1904761904761,1350.1904761904761
Hicaz Fantezi,3,45.539583111876986,62.23837338269617,1359.9960317460318,336.3095238095238
Nikrîz Longa,1,45.89530849884128,45.89530849884128,1362.9444444444443,1362.9444444444443
Rengidil Sazsemâîsi,1,53.07425241494496,53.07425241494496,1363.452380952381,1363.452380952381
Nihâvent Şarkı,17,48.990227085942266,63.63959531614051,1364.4347634131125,489.1904761904762
Bûselik Fantezi,2,47.373088525382784,53.85797686697073,1368.4404761904761,886.9047619047619
Acemaşîrân Sazsemâîsi,1,49.7767737709081,49.7767737709081,1369.873015873016,1369.873015873016
Rengidil Şarkı,4,52.99879260381262,54.6727792677957,1374.7857142857142,1309.6904761904761
Rast Şarkı,21,47.67519082809247,66.49413745936364,1378.3316026314326,323.7857142857143
Rast Murabbâ,1,49.553380309092,49.553380309092,1384.952380952381,1384.952380952381
Gerdâniye Şarkı,2,47.309378530228315,51.01742345876408,1386.952380952381,1002.9285714285714
Nikrîz Sirto,1,53.171101912208904,53.171101912208904,1388.2142857142858,1388.2142857142858
Rast Sazsemâîsi,1,51.99222339849859,51.99222339849859,1388.4166666666667,1388.4166666666667
Ruhnevaz Ağırsemâî,1,54.461671517958884,54.461671517958884,1394,1394
Nişâburek Ağırsemâî,1,49.78510282887689,49.78510282887689,1395.2142857142858,1395.2142857142858
Eviç Türkü,4,48.689736432000835,58.21135833605859,1397.0523809523809,894.3809523809524
Hicaz-Uzzâl Yürüksemâî,1,50.90689197244251,50.90689197244251,1405.702380952381,1405.702380952381
Peyk-i-Neşat Peşrev,1,48.772242240628785,48.772242240628785,1408.2619047619048,1408.2619047619048
Muhayyerkürdî Şarkı,10,47.12957429740713,62.06354419546585,1408.375238095238,381.4047619047619
Nikrîz Zeybek,3,49.091245510754106,52.248085854339884,1414.9960317460318,1201.3333333333333
Kürdî Şarkı,3,44.79403116711919,65.04619262591358,1418.404761904762,266.6190476190476
Nişâburek Şarkı,12,46.945716066023216,61.03754531530273,1421.457671957672,539.6428571428571
Mâhur Kâr,1,53.41699222863877,53.41699222863877,1421.5714285714287,1421.5714285714287
Nihâvent Tango,1,47.0999380962488,47.0999380962488,1434.047619047619,1434.047619047619
Hicaz-Zirgüle Sazsemâîsi,1,47.66234390170882,47.66234390170882,1434.2619047619048,1434.2619047619048
Hicaz-Uzzâl Şarkı,18,47.644591499899825,64.08683270479874,1448.6113637905305,622.6904761904761
Hicazkâr Zeybek,1,47.51292101317417,47.51292101317417,1452.2380952380952,1452.2380952380952
Sipihr (Eski) Peşrev,1,45.319709030322855,45.319709030322855,1452.404761904762,1452.404761904762
Şehnâz Longa,1,51.017320280192514,51.017320280192514,1452.5238095238096,1452.5238095238096
Şedarabân Şarkı,5,47.40399043295176,60.34941511452782,1456.2809523809524,785.2857142857143
Aşkefzâ Şarkı,2,46.53337256544187,54.69900879887317,1469.1964285714284,1028.9166666666667
Rehâvî Nakış,1,47.139781390316614,47.139781390316614,1471.3809523809523,1471.3809523809523
Güldeste Sazsemâîsi,1,50.37837641021732,50.37837641021732,1474.1190476190477,1474.1190476190477
Nevâ Şarkı,5,44.39282031807894,58.06723912118984,1478.7809523809524,617.547619047619
Bûselik Türkü,3,46.28128166033786,59.31201357764873,1485.515873015873,822.547619047619
Selmek Sazsemâîsi,1,46.645485940885074,46.645485940885074,1488.2619047619048,1488.2619047619048
Hicazkâr Köçekçe,6,47.85995837096249,56.98602223745816,1489.0218253968255,873.547619047619
Rast Gazel,1,46.127072466428416,46.127072466428416,1489.357142857143,1489.357142857143
Uşşak Tevşihilâhi,1,43.9591830048001,43.9591830048001,1492.7380952380952,1492.7380952380952
Hicaz-Zirgüle Şarkı,5,45.85649959934917,54.720155699924085,1493.023015873016,960.6428571428571
Şehnâz Peşrev,1,53.36960560414985,53.36960560414985,1495.2619047619048,1495.2619047619048
Pençgâh Tevşihilâhi,1,46.17880320725938,46.17880320725938,1496.7857142857142,1496.7857142857142
Sabâ İlâhî,1,40.22535630525197,40.22535630525197,1512.2142857142858,1512.2142857142858
Nikrîz Şarkı,7,45.9959995445199,54.918665200323396,1513.6496598639455,989.2142857142857
Hicaz Kalenderî,1,48.89986409394521,48.89986409394521,1525.1666666666667,1525.1666666666667
Nihâvent Longa,1,44.62047712729145,44.62047712729145,1532.5,1532.5
Ferahfezâ Şarkı,4,43.456378524224846,56.7197339973664,1534.875,676.3809523809524
Nihâvent Sazsemâîsi,2,47.85184364934757,57.18564456499351,1549.9166666666667,1136.0238095238096
Nihâvent Fantezi,4,45.78909205879947,51.66166197682404,1550.8895833333333,1241.8857142857144
Reyyâ Şarkı,1,47.37953967907999,47.37953967907999,1553.547619047619,1553.547619047619
Hicaz-Hümâyûn Türkü,4,44.95120512007716,54.863585438064206,1556.8392857142858,996.3690476190476
Sabâ Türkü,6,42.02667456074313,56.189232162843254,1558.0337301587301,709.547619047619
Şehnâz Fantezi,1,48.260144298725855,48.260144298725855,1558.0714285714287,1558.0714285714287
Acemkürdî Şarkı,11,43.37920280696917,60.50221250539204,1559.3847763347762,393.35714285714283
Muhayyerkürdî Fantezi,2,45.95770877566649,58.66148252005075,1560.392857142857,883.0714285714286
Segâh-Mâye Türkü,1,43.821427893068424,43.821427893068424,1562.1190476190477,1562.1190476190477
Hicaz-Uzzâl Türkü,4,46.06281127613233,54.052507344435156,1567.3125,970.8571428571429
Ferahfezâ Yürüksemâî,2,40.2898103172873,59.86652588320273,1573.642857142857,571.9285714285714
Rast Fantezi,1,45.70647646670437,45.70647646670437,1576.5714285714287,1576.5714285714287
Muhayyerkürdî Sazsemâîsi,1,49.398229059549315,49.398229059549315,1582.9761904761904,1582.9761904761904
Kürdî Beste,1,43.861684630659674,43.861684630659674,1588.9285714285713,1588.9285714285713
Hicazkâr Türkü,2,41.60602091736939,54.44348768535588,1590.7142857142858,802.2619047619048
Acemaşîrân Fantezi,1,50.54028843396699,50.54028843396699,1611.6904761904761,1611.6904761904761
Rast Çocuk Şarkısı,1,44.16251084613005,44.16251084613005,1620.2619047619048,1620.2619047619048
Gülizâr Köçekçe,1,47.91010473676469,47.91010473676469,1623.2142857142858,1623.2142857142858
Zâvil Türkü,2,43.92400981302153,46.26926139066665,1624.2738095238096,1493.952380952381
Beyâtî-Arabân İlâhî,1,42.363785868036,42.363785868036,1629.1666666666667,1629.1666666666667
Dilkeşhâveran Şarkı,2,45.17800726191268,46.139646362738226,1632.845238095238,1522.7857142857142
Rast Taksim,1,50.1275418746603,50.1275418746603,1635.1904761904761,1635.1904761904761
Gülizâr Taksim,1,49.68440734357368,49.68440734357368,1635.7380952380952,1635.7380952380952
Rast-Mâye Küpe,1,41.46657139777385,41.46657139777385,1637.857142857143,1637.857142857143
Sûzinâk İlâhî,1,41.99268546348238,41.99268546348238,1645.2619047619048,1645.2619047619048
Nihâvent Karşılama,1,48.1803693711459,48.1803693711459,1651.642857142857,1651.642857142857
Rast Mersiye,1,41.92283250210475,41.92283250210475,1672.8809523809523,1672.8809523809523
Segâh-Mâye İlâhî,1,41.980723007050905,41.980723007050905,1683.5,1683.5
Şehnâzbûselik Ağırsemâî,1,48.62605796193621,48.62605796193621,1687.5238095238096,1687.5238095238096
Tâhir Zeybek,1,46.835841281509005,46.835841281509005,1693.095238095238,1693.095238095238
Rengidil Nakış,1,45.55282685204344,45.55282685204344,1693.452380952381,1693.452380952381
Sûzidil Longa,1,48.63461177756595,48.63461177756595,1695.1666666666667,1695.1666666666667
Segâh Türkü,14,40.287990541157875,61.46843312315694,1700.5025510204082,348.6666666666667
Karcığar Köçekçe,2,44.58994377446206,53.54078200877753,1706.1011904761904,1353.297619047619
Karcığar Türkü,6,41.14500269693361,49.45010130629765,1710.281746031746,1152.4285714285713
Kürdî Türkü,3,43.492792243015494,49.3652369650901,1742.3650793650793,1475.7857142857142
Ruhnevaz Oyunhavası,1,45.380594851260334,45.380594851260334,1749.047619047619,1749.047619047619
Sûzidil Taksim,1,47.81346921971558,47.81346921971558,1749.047619047619,1749.047619047619
Sûzinâk-Zirgüle Türkü,3,41.370011794873186,46.99915415278821,1765.1984126984128,1502.2619047619048
Acem İlâhî,2,39.204892724811735,42.478915194336906,1773.4880952380952,1585.3809523809523
Eviç-Hûzî Türkü,1,42.80108448412033,42.80108448412033,1773.6190476190477,1773.6190476190477
Şehnâzbûselik Şarkı,2,41.280943684375835,47.58692486001865,1773.6904761904761,1487.5714285714287
Mâhur Fantezi,1,41.0802905830118,41.0802905830118,1776.25,1776.25
Muhayyerkürdî Türkü,5,38.04773140779458,61.480361559829305,1782.0380952380954,582.3571428571429
Hüzzam İlâhî,3,36.9499133440193,69.55787510617179,1785.515873015873,222.54761904761904
Hûzî İlâhî,1,40.29825243244667,40.29825243244667,1788.0238095238096,1788.0238095238096
Hicaz Zeybek,1,46.71259831048985,46.71259831048985,1796.0238095238096,1796.0238095238096
Nişâburek Medhal,1,41.32737361761232,41.32737361761232,1798.5714285714287,1798.5714285714287
Hicaz-Hümâyûn Yürüksemâî,1,40.21433169014162,40.21433169014162,1802.7380952380952,1802.7380952380952
Acemaşîrân Marş,1,42.07499476136407,42.07499476136407,1807.8809523809523,1807.8809523809523
Büzürk Küpe,1,39.012355243889765,39.012355243889765,1812.857142857143,1812.857142857143
Mâhur Küpe,1,38.99004716841298,38.99004716841298,1816.357142857143,1816.357142857143
Şevk-ı-Dil Küpe,1,38.6512643139917,38.6512643139917,1817.2619047619048,1817.2619047619048
Muhayyer Zeybek,2,36.38718394948439,55.589082333447436,1817.654761904762,935.1904761904761
Tâhir Şarkı,2,40.60801521551531,41.39811838509861,1824.345238095238,1765.142857142857
Hüzzam Türkü,6,38.62176279634186,52.783475137729084,1826.2268518518517,1170.4761904761904
Karcığar Güvende,1,44.22142930405744,44.22142930405744,1835.952380952381,1835.952380952381
Mâhur Türkü,4,40.18650002725309,50.1569008928779,1842.029761904762,1177.4285714285713
Bûselikaşîrân Seyir,1,38.51491891934791,38.51491891934791,1848.7619047619048,1848.7619047619048
Beyâtî Türkü,5,36.08709770617276,52.04435920510571,1852.290476190476,1115.4761904761904
Rengidil Sazeseri,1,46.2369522691586,46.2369522691586,1856,1856
Kürdîlihicazkâr Longa,1,42.3899633010576,42.3899633010576,1862.4166666666667,1862.4166666666667
Tâhir Türkü,13,35.69530576446304,58.90030926776243,1863.3461538461538,517.5952380952381
Nikrîz Küpe,1,37.5473016598861,37.5473016598861,1865.7380952380952,1865.7380952380952
Hisarbûselik Tavşanca,1,39.1994585092236,39.1994585092236,1865.857142857143,1865.857142857143
Zevk-i-Dil Küpe,1,39.03145350591083,39.03145350591083,1866.0714285714287,1866.0714285714287
Tarz-ı-Nevîn Küpe,1,37.99581679067426,37.99581679067426,1866.904761904762,1866.904761904762
Nev`eser Türkü,1,38.72805593255415,38.72805593255415,1873.0714285714287,1873.0714285714287
Hicaz Taksim,1,44.1354656633449,44.1354656633449,1880.547619047619,1880.547619047619
Acemkürdî Türkü,1,36.34151580616344,36.34151580616344,1889.0238095238096,1889.0238095238096
Hüseynî Türkü,13,33.541162096892975,54.96321349830772,1890.2154512154511,807.8571428571429
Hüseynî Sazeseri,1,39.11592161698253,39.11592161698253,1899.857142857143,1899.857142857143
Nihâvend-i-Rûmî Küpe,1,36.2793057330315,36.2793057330315,1901.547619047619,1901.547619047619
Sûzidil Köçekçe,1,42.04773341913228,42.04773341913228,1911.5,1911.5
Sûzidilârâ Küpe,1,37.05410961403818,37.05410961403818,1917.452380952381,1917.452380952381
Sûzinâk-Zirgüle Küpe,1,37.59109808049188,37.59109808049188,1927.2857142857142,1927.2857142857142
Mâverâünnehr Küpe,1,37.11211321857242,37.11211321857242,1931.1904761904761,1931.1904761904761
Hüseynîgülizâr İlâhî,1,37.21209271174652,37.21209271174652,1939.642857142857,1939.642857142857
Muhayyer Türkü,14,36.78549929381418,64.37770717405824,1955.4253117913831,280.85714285714283
Sabâaşîrân Seyir,1,35.22854730269437,35.22854730269437,1962.7142857142858,1962.7142857142858
Sabâ Mehter,1,36.27236866999292,36.27236866999292,1963.404761904762,1963.404761904762
Rast Küpe,1,36.90577832562138,36.90577832562138,1971.1904761904761,1971.1904761904761
Acemkürdî Nefes,1,35.2618362136164,35.2618362136164,1986.7619047619048,1986.7619047619048
Sazkâr Küpe,1,35.17843207644737,35.17843207644737,1991.4761904761904,1991.4761904761904
Segâh İlâhî,6,34.79828925326773,55.389608476326494,1991.5039682539682,1163.357142857143
Müstear Küpe,1,35.81649463793647,35.81649463793647,2003.857142857143,2003.857142857143
Kürdîlihicazkâr Küpe,1,34.77659451425108,34.77659451425108,2006.4761904761904,2006.4761904761904
Sûzinâk Küpe,1,35.622051550212234,35.622051550212234,2008.047619047619,2008.047619047619
Hüseynî Oyunhavası,1,35.990837508809335,35.990837508809335,2010.5238095238096,2010.5238095238096
Hicaz Türkü,14,32.4998645106017,59.68256093216979,2014.2077664399092,446.6666666666667
Nev`eser Küpe,1,34.97051112669981,34.97051112669981,2015.1904761904761,2015.1904761904761
Canfezâ Küpe,1,34.07629785720288,34.07629785720288,2016.9285714285713,2016.9285714285713
Nikrîz Türkü,7,34.417029475453866,60.219554503283284,2019.6445578231292,471.3809523809524
Mâhur Zeybek,1,40.19745371769485,40.19745371769485,2027.1666666666667,2027.1666666666667
Uşşak Türkü,12,33.08134849568847,48.28519122767775,2033.2973985890653,1256.8809523809523
Zâvil Küpe,1,34.33900367759362,34.33900367759362,2033.7142857142858,2033.7142857142858
Pesendîde Küpe,1,34.04639615090336,34.04639615090336,2034.8809523809523,2034.8809523809523
Şehnâz Dîvân,1,37.9004233848907,37.9004233848907,2035.3809523809523,2035.3809523809523
Rast Marş,2,35.71606320995611,41.8147017152267,2038.9087301587301,1853.1666666666667
Nihâvent Türkü,5,34.74445479961139,41.104910102701645,2040.1809523809525,1697.7619047619048
Rast-ı-Cedîd Küpe,1,33.68915666136392,33.68915666136392,2045.2380952380952,2045.2380952380952
Hüseynî Etüd,1,34.479663917341,34.479663917341,2048.309523809524,2048.309523809524
Nevâ Taksim,1,37.41692819144513,37.41692819144513,2051.9285714285716,2051.9285714285716
Rehâvî Küpe,1,33.609577254124474,33.609577254124474,2064.4285714285716,2064.4285714285716
Çargâh(Yeni) Türkü,6,32.306740352929786,42.13788868083581,2066.279761904762,1617.6904761904761
Dügâh Küpe,1,33.01103542647447,33.01103542647447,2074.8571428571427,2074.8571428571427
Aşîrân-Mâye Küpe,1,32.2213553119293,32.2213553119293,2077.6428571428573,2077.6428571428573
Hicaz-Zirgüle İlâhî,1,31.7481446681608,31.7481446681608,2093.154761904762,2093.154761904762
Gerdâniye Türkü,8,32.881175222246014,47.42282248357397,2094.6268601190477,1261.782738095238
Nevâbûselik Küpe,1,32.10778331387457,32.10778331387457,2096.714285714286,2096.714285714286
Nişâburek Türkü,1,33.09532752005859,33.09532752005859,2107.8809523809523,2107.8809523809523
Zâvil Şarkı,1,33.4816134564394,33.4816134564394,2112.1666666666665,2112.1666666666665
Şevk`efzâ Küpe,1,31.807532364730076,31.807532364730076,2112.285714285714,2112.285714285714
Irak Küpe,1,31.83633987618435,31.83633987618435,2112.690476190476,2112.690476190476
Gerdâniyebûselik Küpe,1,31.873739276229113,31.873739276229113,2118.9761904761904,2118.9761904761904
Hicazbûselik Küpe,1,31.427727718194017,31.427727718194017,2119.4523809523807,2119.4523809523807
Acemkürdî Fantezi,3,31.157874192646872,49.69965625119342,2129.4444444444443,1343.5238095238096
Şevk-ı-Dil Peşrev,1,33.75047612399689,33.75047612399689,2130.9761904761904,2130.9761904761904
Dilnişîn Küpe,1,32.55470977617983,32.55470977617983,2132.6190476190477,2132.6190476190477
Tâhirbûselik Küpe,1,31.272187361296552,31.272187361296552,2136.1190476190477,2136.1190476190477
Pençgâh-ı-Zâid Küpe,1,31.547084262432282,31.547084262432282,2136.809523809524,2136.809523809524
Pençgâh-ı-Asl Küpe,1,32.6222499196652,32.6222499196652,2145.285714285714,2145.285714285714
Hicaz İlâhî,3,30.781909923546763,44.01938393641916,2155.888888888889,1600.6904761904761
Hicaz Ezan,1,34.41701736188061,34.41701736188061,2157.0714285714284,2157.0714285714284
Beyâtî Karşılama,1,32.71176618311123,32.71176618311123,2169.404761904762,2169.404761904762
Uşşak İlâhî,3,28.419470421113953,40.056858376658475,2170.2174603174603,1707.9619047619049
Şevkâver Peşrev,1,32.11575606319955,32.11575606319955,2173,2173
Hüseynîaşîrân Küpe,1,30.531717065769655,30.531717065769655,2179.4523809523807,2179.4523809523807
Evcârâ Küpe,1,29.603109938497838,29.603109938497838,2181.095238095238,2181.095238095238
Şehnâz Türkü,1,33.35283867925186,33.35283867925186,2183.5238095238096,2183.5238095238096
Gülizâr Küpe,1,29.678540681899783,29.678540681899783,2186.0476190476193,2186.0476190476193
Nühüft Seyir,1,29.85240334165613,29.85240334165613,2188.2380952380954,2188.2380952380954
Beyâtîarabânbûselik Küpe,1,30.61575399420124,30.61575399420124,2196.1190476190477,2196.1190476190477
Isfahân İlâhî,1,29.277635271279255,29.277635271279255,2198.1190476190477,2198.1190476190477
Segâh-Mâye Küpe,1,30.245450696685996,30.245450696685996,2199.214285714286,2199.214285714286
Eviçbûselik Küpe,1,30.069927920168954,30.069927920168954,2199.5714285714284,2199.5714285714284
Hicaz-Zemzeme Şarkı,1,31.19923097028626,31.19923097028626,2201.5,2201.5
Beyâtî-Arabân Küpe,1,29.42394728517913,29.42394728517913,2203,2203
Hicaz-Hümâyûn Durak,1,30.725978234273416,30.725978234273416,2204.2976190476193,2204.2976190476193
Vech-i-Şehnâz Küpe,1,30.13154947351455,30.13154947351455,2205.7619047619046,2205.7619047619046
Hicaz Kanto,1,32.55155780988184,32.55155780988184,2207.9761904761904,2207.9761904761904
Muhayyer Etüd,1,29.865107330474586,29.865107330474586,2208.3333333333335,2208.3333333333335
Segâh Küpe,1,30.125010556979095,30.125010556979095,2211,2211
Acem Seyir,1,29.734760682696177,29.734760682696177,2211.0238095238096,2211.0238095238096
Arazbâr Küpe,1,30.179767326555023,30.179767326555023,2213.5714285714284,2213.5714285714284
Hicazkâr Küpe,1,30.23222587993989,30.23222587993989,2213.595238095238,2213.595238095238
Irak Şarkı,1,29.457790755484893,29.457790755484893,2215.190476190476,2215.190476190476
Nühüft Küpe,1,29.129256582450296,29.129256582450296,2217.6190476190477,2217.6190476190477
Muhayyerbûselik Küpe,1,29.867704466044785,29.867704466044785,2217.6428571428573,2217.6428571428573
Hicâzî-Uşşak Nefes,1,30.216678002063976,30.216678002063976,2220.595238095238,2220.595238095238
Sûzinâk Türkü,1,30.97053687046571,30.97053687046571,2221.9523809523807,2221.9523809523807
Mâhurbûselik Küpe,1,29.103891426294847,29.103891426294847,2227.809523809524,2227.809523809524
Şehnâz Aranağme,2,29.44605769500155,37.30590202797785,2228.6309523809523,1867.7142857142858
Hicaz-Hümâyûn Küpe,1,28.84988498065283,28.84988498065283,2231.0238095238096,2231.0238095238096
Hüseynî İlâhî,6,26.387837142427042,47.270816599037495,2232.6825396825398,1374.857142857143
Eviç Karşılama,1,32.9088642366044,32.9088642366044,2239.809523809524,2239.809523809524
Rûy-i-Irâk Küpe,1,29.683440629550738,29.683440629550738,2243.1190476190477,2243.1190476190477
Şehnâzbûselik Küpe,1,30.009927732263204,30.009927732263204,2246.4523809523807,2246.4523809523807
Arazbâr Seyir,3,29.32313119310268,34.29859079846578,2247.1190476190477,2041.9285714285713
Bûselik Küpe,1,29.166911164606585,29.166911164606585,2250.3571428571427,2250.3571428571427
Rengidil Durak,1,30.959936662873954,30.959936662873954,2254.6785714285716,2254.6785714285716
Uşşak Küpe,1,29.377070617897186,29.377070617897186,2260.3333333333335,2260.3333333333335
Nevâ Türkü,2,28.539082725200448,37.665748624981006,2262.7976190476193,1883.4761904761904
Bestenigâr Küpe,1,29.32842761962151,29.32842761962151,2263.214285714286,2263.214285714286
Nev`eser Sirto,1,30.724627483637445,30.724627483637445,2263.6666666666665,2263.6666666666665
Mâhur Seyir,1,28.891738900146272,28.891738900146272,2273.3571428571427,2273.3571428571427
Eviç Küpe,1,29.8522382627252,29.8522382627252,2274.214285714286,2274.214285714286
Nevrûz Şarkı,1,29.78082385206377,29.78082385206377,2274.5714285714284,2274.5714285714284
Hüseynî Küpe,1,29.65044156494148,29.65044156494148,2275.1190476190477,2275.1190476190477
Bahr-i-Nâzik Küpe,1,27.85152556064258,27.85152556064258,2276.404761904762,2276.404761904762
Sultan-ı-Arak Küpe,1,27.40359739789205,27.40359739789205,2277.7380952380954,2277.7380952380954
Isfahânek Küpe,1,28.671224907375016,28.671224907375016,2280.3571428571427,2280.3571428571427
Rast Türkü,7,26.004272635761346,44.259699407558685,2281.2205215419503,1502.2698412698412
Canfezâ Seyir,1,27.691220724606623,27.691220724606623,2283.8333333333335,2283.8333333333335
Isfahân Küpe,1,27.65704492568667,27.65704492568667,2285.8809523809523,2285.8809523809523
Rahatülervah Küpe,1,27.837654605898898,27.837654605898898,2287.2380952380954,2287.2380952380954
Nihâvent Marş,2,29.852531068383907,30.105292528209418,2288.351190476191,2244.1428571428573
Bûselik Beste,1,28.718141445271975,28.718141445271975,2290.404761904762,2290.404761904762
Hüseynîaşîrân Şarkı,1,28.450400802282925,28.450400802282925,2292.285714285714,2292.285714285714
Nevrûz Türkü,1,27.504798549774637,27.504798549774637,2296.809523809524,2296.809523809524
Acemaşîrân Zeybek,1,30.29637610536234,30.29637610536234,2300.785714285714,2300.785714285714
Hicaz-Uzzâl Zeybek,1,30.254738464028556,30.254738464028556,2301.7261904761904,2301.7261904761904
Tarz-ı-Nevîn Seyir,1,26.87523429709988,26.87523429709988,2301.785714285714,2301.785714285714
Şehnâz Küpe,1,27.580946998164965,27.580946998164965,2304.9761904761904,2304.9761904761904
Hicaz-Hümâyûn Oyunhavası,1,30.825499427362313,30.825499427362313,2306.5238095238096,2306.5238095238096
Arazbârbûselik Küpe,1,29.02835324761168,29.02835324761168,2307.595238095238,2307.595238095238
Ferahnâk Küpe,1,27.604497981980447,27.604497981980447,2309.5476190476193,2309.5476190476193
Hisarbûselik Küpe,1,27.7810101127889,27.7810101127889,2309.8571428571427,2309.8571428571427
Dilkeşîde Küpe,1,28.165145393259934,28.165145393259934,2314.8809523809523,2314.8809523809523
Acemaşîrân Küpe,1,26.21813001490425,26.21813001490425,2317.309523809524,2317.309523809524
Şevkâver Küpe,1,28.547533031558057,28.547533031558057,2319.595238095238,2319.595238095238
Şedarabân Küpe,1,26.683685144449658,26.683685144449658,2322.7619047619046,2322.7619047619046
Nişâbur Türkü,2,29.429219584690305,32.87133359083882,2327.0476190476193,2198.190476190476
Rast Kâr,2,28.396819020240432,29.068923031431204,2334.440476190476,2323.404761904762
Nişâbur Seyir,1,26.28953369051706,26.28953369051706,2334.690476190476,2334.690476190476
Beyâtî Küpe,1,26.108100057165405,26.108100057165405,2334.9761904761904,2334.9761904761904
Hüzzam Aranağme,2,26.809453090483125,34.52457864849366,2339.6190476190477,2024.8333333333333
Karcığar Zeybek,1,28.78116652566952,28.78116652566952,2343.0714285714284,2343.0714285714284
Dilkeşhâveran Küpe,1,27.717859213551357,27.717859213551357,2345.2619047619046,2345.2619047619046
Beyâtîbûselik Küpe,1,27.077982835861345,27.077982835861345,2351.6428571428573,2351.6428571428573
Beste-Isfahan Küpe,1,26.762464069809226,26.762464069809226,2354.6428571428573,2354.6428571428573
Segâh Zeybek,1,28.497314236682417,28.497314236682417,2355.8809523809523,2355.8809523809523
Nevâ Küpe,1,27.523402779092102,27.523402779092102,2357.095238095238,2357.095238095238
Eviç Kârçe,1,28.61311259563436,28.61311259563436,2358.4761904761904,2358.4761904761904
Gülzâr Küpe,1,26.916324688380026,26.916324688380026,2361.1428571428573,2361.1428571428573
Hisar Küpe,1,26.43048915258102,26.43048915258102,2361.6190476190477,2361.6190476190477
Sûzidil Seyir,2,27.020312518124932,28.175512567197504,2361.845238095238,2341.309523809524
Rast Kanto,3,28.71696551368739,35.25794237575138,2361.984126984127,2187.285714285714
Pesendîde Seyir,1,26.4895975174191,26.4895975174191,2369.1428571428573,2369.1428571428573
Dügâh Türkü,1,26.880416527348462,26.880416527348462,2375.9285714285716,2375.9285714285716
Dügâh-Mâye Küpe,1,27.221239600654833,27.221239600654833,2377.1428571428573,2377.1428571428573
Hisar Seyir,2,26.663152930926053,27.717466290421022,2377.940476190476,2293.3333333333335
Gerdâniye Seyir,2,25.64124470633214,28.683896317949547,2379.095238095238,2270.4285714285716
Şevkutarab Küpe,1,27.18434568064041,27.18434568064041,2379.5476190476193,2379.5476190476193
Muhayyerkürdî Küpe,1,25.92270622537171,25.92270622537171,2379.6666666666665,2379.6666666666665
Sûzidil Küpe,1,26.3499946884404,26.3499946884404,2381.0238095238096,2381.0238095238096
Sabâ Küpe,1,26.715549312607532,26.715549312607532,2381.0238095238096,2381.0238095238096
Hüzzam-ı-Cedîd İlâhî,1,27.874997193285072,27.874997193285072,2386.785714285714,2386.785714285714
Sabâbûselik Küpe,1,26.332776297935215,26.332776297935215,2390.4761904761904,2390.4761904761904
Sabâ-Zemzeme Küpe,1,25.08522463521694,25.08522463521694,2394.7380952380954,2394.7380952380954
Şevk-ı-Cedîd Küpe,1,25.016789717797447,25.016789717797447,2394.809523809524,2394.809523809524
Hüzzam Küpe,1,27.349100949005432,27.349100949005432,2397.214285714286,2397.214285714286
Bend-i-Hisar Küpe,1,25.110542102657185,25.110542102657185,2401.9523809523807,2401.9523809523807
Sûzidilârâ Seyir,1,26.342290298371942,26.342290298371942,2402.3928571428573,2402.3928571428573
Karcığar Küpe,1,24.906427821501477,24.906427821501477,2404.9523809523807,2404.9523809523807
Hicaz-Zirgüle Küpe,1,26.25329888213717,26.25329888213717,2406.1190476190477,2406.1190476190477
Sazkâr Seyir,1,26.782243846307207,26.782243846307207,2408.190476190476,2408.190476190476
Acem Küpe,1,25.18570850608621,25.18570850608621,2409.404761904762,2409.404761904762
Hicaz Mandra,1,28.287551776682765,28.287551776682765,2413.809523809524,2413.809523809524
Uşşak Nefes,1,27.76101951893008,27.76101951893008,2421.3809523809523,2421.3809523809523
Revnâknümâ Küpe,1,25.63409281512862,25.63409281512862,2423.309523809524,2423.309523809524
Hicaz-Uzzâl İlâhî,2,27.28183577878758,31.214900376374533,2423.583333333333,2279.190476190476
Hicaz-Hümâyûn Seyir,2,23.340138794512036,31.61011717788901,2423.684523809524,2102.6666666666665
Beyâtî Seyir,2,25.15170358607606,25.836162976828643,2423.934523809524,2409.035714285714
Pençgâh-ı-Zâid Seyir,1,24.82111016615549,24.82111016615549,2428.1428571428573,2428.1428571428573
Hicaz Seyir,2,24.879945864150386,27.496201980499453,2430.0992063492067,2372.4285714285716
Nihâvend-i-Kebîr Küpe,1,27.405702654551966,27.405702654551966,2430.6428571428573,2430.6428571428573
Şevk`efzâ Seyir,3,25.056919505948528,25.461279324065714,2438.531746031746,2392.904761904762
Hicazaşîrân Seyir,1,25.283822593773618,25.283822593773618,2439.7619047619046,2439.7619047619046
Kûçek Küpe,1,24.403577369310028,24.403577369310028,2442.3571428571427,2442.3571428571427
Zîrefkend Küpe,1,25.039426577456886,25.039426577456886,2444.785714285714,2444.785714285714
Hicazaşîrân Küpe,1,25.441353445760665,25.441353445760665,2444.904761904762,2444.904761904762
Sûzinâk Mersiye,1,23.602194321949572,23.602194321949572,2446.095238095238,2446.095238095238
Acembûselik Küpe,1,25.629559334564014,25.629559334564014,2449.3809523809523,2449.3809523809523
Râhatfezâ Küpe,1,24.902697841519206,24.902697841519206,2453.214285714286,2453.214285714286
Şehnâz Seyir,2,24.162148873179426,24.59868111193803,2453.595238095238,2431.2619047619046
Beste-Isfahan Seyir,1,25.698250706020236,25.698250706020236,2463.7380952380954,2463.7380952380954
Kürdîlihicazkâr Seyir,3,22.708273280563095,27.873488526070243,2466.3201058201057,2278.436507936508
Hicaz-Uzzâl Küpe,1,25.15706034142,25.15706034142,2470.5238095238096,2470.5238095238096
Zâvil Seyir,2,24.140256352621893,28.932465639534502,2470.607142857143,2297.214285714286
Çargâh(Yeni) Peşrev,1,24.530276822477163,24.530276822477163,2471.0238095238096,2471.0238095238096
Yegâh Küpe,1,23.217294546602083,23.217294546602083,2471.2619047619046,2471.2619047619046
Nevâkürdî Küpe,1,23.765042465681592,23.765042465681592,2477.3809523809523,2477.3809523809523
Hicazkâr Aranağme,5,22.543253417086373,51.01678201841023,2478.0904761904762,1443.1904761904761
Hisarbûselik Seyir,1,25.18869586830534,25.18869586830534,2479.0238095238096,2479.0238095238096
Vech-i-Arazbâr Küpe,1,25.33313547265045,25.33313547265045,2480.5,2480.5
Hüseynî Nefes,1,24.245751430678414,24.245751430678414,2481.6666666666665,2481.6666666666665
Sultânîyegâh Seyir,2,22.655890670533864,25.119681326096316,2482.0059523809523,2393.940476190476
Müstear Seyir,2,23.172860119840454,27.65522103583824,2485.0833333333335,2316.5238095238096
Pençgâh Seyir,2,22.536981369111132,26.161130027182566,2486.4285714285716,2350.4761904761904
Rahatülervah Seyir,1,24.29426993291629,24.29426993291629,2489.3333333333335,2489.3333333333335
Hicaz Küpe,1,23.873231142114882,23.873231142114882,2489.9285714285716,2489.9285714285716
Bûselikaşîrân Küpe,1,24.32112112167114,24.32112112167114,2496.9285714285716,2496.9285714285716
Dügâh-Mâye Oyunhavası,1,22.117853281292255,22.117853281292255,2497.9523809523807,2497.9523809523807
Beyâtî Yürüksemâî,2,22.22672683856447,30.82199038926541,2500.035714285714,2197.8809523809523
Sipihr Küpe,1,22.82401022342943,22.82401022342943,2500.714285714286,2500.714285714286
Hisarbûselik Aranağme,2,20.71807154874292,29.293035368406855,2501.916666666667,2198.2380952380954
Hüzzam Seyir,2,22.32934381701562,23.47985971750507,2504.404761904762,2445.595238095238
Ferahfezâ Seyir,2,22.482028544986093,28.635133741746813,2507.0476190476193,2272.9761904761904
Nevâ Seyir,2,21.538172433778993,25.293854725656583,2510.3035714285716,2366.6071428571427
Zevk-ı-Tarab Küpe,1,23.536956736159908,23.536956736159908,2513.2619047619046,2513.2619047619046
Beyâtî Aranağme,2,22.092824125375053,31.714841664307663,2513.714285714286,2229.785714285714
Hüseynîaşîrân Seyir,3,22.91112839346532,27.60146089596581,2516.325396825397,2313.404761904762
Rast Seyir,3,22.222610300730825,27.93787025318366,2517.1984126984125,2287.6190476190477
Rast İlâhî,2,20.773095643076214,31.77992363428982,2524.8809523809523,2183.3571428571427
Segâh-Mâye Seyir,1,22.677735994187266,22.677735994187266,2527.2619047619046,2527.2619047619046
Tarz-ı-Cedîd Küpe,1,23.326187827194275,23.326187827194275,2529.214285714286,2529.214285714286
Nişâbur Küpe,1,23.160062932823422,23.160062932823422,2531.690476190476,2531.690476190476
Şevkutarab Seyir,1,20.700364264111908,20.700364264111908,2532.154761904762,2532.154761904762
Muhayyersünbüle Küpe,1,21.851646800551887,21.851646800551887,2532.4285714285716,2532.4285714285716
Muhayyer Küpe,1,23.154839967050695,23.154839967050695,2533.5,2533.5
Büzürk Seyir,1,23.926825957150843,23.926825957150843,2535.404761904762,2535.404761904762
Arabân Küpe,1,22.442370307554228,22.442370307554228,2544.6190476190477,2544.6190476190477
Hicaz Aranağme,3,20.3658431194127,35.695338438264436,2545.2619047619046,2021.7857142857142
Karcığar Seyir,3,22.0533480813342,29.775296743539112,2545.285714285714,2290.3809523809523
Acemaşîrân Seyir,2,21.688038800230615,27.219167481885922,2549.25,2355.4285714285716
Evcârâ Seyir,2,21.11399647764909,21.65182116284082,2551.3511904761904,2530.8571428571427
Hicazkâr Seyir,3,21.80084337798096,22.727871571237344,2556.472222222222,2522.6190476190477
Uşşak Kürthavası,1,22.112036207741813,22.112036207741813,2558.8809523809523,2558.8809523809523
Dügâh Seyir,1,19.358656524436938,19.358656524436938,2559.285714285714,2559.285714285714
Sûzinâk-Zirgüle Seyir,2,19.928112433167115,26.77710567554728,2564.357142857143,2324.5238095238096
Uşşak Oyunhavası,2,20.562262451011378,30.82029978021811,2567.523809523809,2285.9761904761904
Muhayyer Seyir,2,20.42811811867272,22.01006649930166,2574.160714285714,2510.940476190476
Ferahnâk Seyir,3,20.011858164218726,29.55261939256516,2576.1111111111113,2300.2380952380954
Nihâvend-i-Kebîr Seyir,1,21.440764951412795,21.440764951412795,2576.714285714286,2576.714285714286
Şehnâzbûselik Aranağme,1,21.278322416145027,21.278322416145027,2578.2380952380954,2578.2380952380954
Hüseynî Karşılama,1,21.510467282929685,21.510467282929685,2579.690476190476,2579.690476190476
Irak Seyir,1,19.912876143045253,19.912876143045253,2581.1428571428573,2581.1428571428573
Gülizâr Seyir,2,20.98965923970892,22.368728399742412,2581.154761904762,2529.7380952380954
Uşşak Seyir,2,19.08861837753494,22.84939661225608,2586.8273809523807,2466.9166666666665
Tâhir Aranağme,1,20.22800866781404,20.22800866781404,2587.095238095238,2587.095238095238
Yegâh Seyir,2,19.821370478365296,22.90276727167569,2587.125,2456.035714285714
Hicaz-Zirgüle Seyir,2,20.603658091618364,21.419630591544255,2588.375,2560.0476190476193
Ferahfezâ Küpe,1,20.59846630921159,20.59846630921159,2589.4285714285716,2589.4285714285716
Sûzidilârâ Türkü,2,20.546148371396455,23.941508332331054,2589.5476190476193,2458.095238095238
Çargâh(Yeni) Destan,1,22.33327689377281,22.33327689377281,2591.309523809524,2591.309523809524
Isfahân Seyir,1,19.79094066024653,19.79094066024653,2591.5,2591.5
Kürdî-Gerdâniye Küpe,1,20.26805194244006,20.26805194244006,2591.8571428571427,2591.8571428571427
Sabâ Seyir,2,20.133304454695825,21.458168398553926,2594.470238095238,2588.6309523809523
Nişâburek Seyir,3,19.871319984065774,23.944439746800736,2598.6746031746034,2444.095238095238
Hicaz-Zirgüle Zeybek,1,21.598366234137483,21.598366234137483,2598.7619047619046,2598.7619047619046
Muhayyerkürdî Seyir,1,20.557307284848086,20.557307284848086,2600.4285714285716,2600.4285714285716
Beyâtî-Arabân Seyir,2,19.063494386875412,26.882883706082033,2601.190476190476,2358.8571428571427
Gonca-i-Rânâ Küpe,1,20.5248827742866,20.5248827742866,2605.0714285714284,2605.0714285714284
Çargâh(Yeni) Seyir,1,20.529897483507877,20.529897483507877,2608.904761904762,2608.904761904762
Nihâvent Seyir,3,18.776952677079176,23.347026337263138,2610.6666666666665,2424.309523809524
Nişâburek Küpe,1,19.390016526887177,19.390016526887177,2611.5714285714284,2611.5714285714284
Tâhir Küpe,1,20.597316963690027,20.597316963690027,2613.190476190476,2613.190476190476
Segâh Seyir,2,18.442727807567962,20.428439224666963,2613.3214285714284,2525.3333333333335
Hicaz Koşma,1,21.43996643677721,21.43996643677721,2617.0476190476193,2617.0476190476193
Eviç Seyir,3,19.725531036681893,24.206496987097523,2617.9841269841268,2436.7619047619046
Sûzinâk Seyir,2,18.992179682429786,21.352578791017127,2618.6011904761904,2505.75
Acemkürdî Seyir,2,19.083347392346457,25.596787283163042,2619.440476190476,2444.6190476190477
Çargâh Küpe,1,18.357091454406092,18.357091454406092,2619.5,2619.5
Hicazkâr-Kürdî Seyir,1,19.12196054820451,19.12196054820451,2622.8809523809523,2622.8809523809523
Gerdâniye Küpe,1,21.100369482396996,21.100369482396996,2625.8571428571427,2625.8571428571427
Hicaz Ninni,1,19.371108324407807,19.371108324407807,2640.1190476190477,2640.1190476190477
Bestenigâr Seyir,3,19.220157237540384,21.502962059387304,2641.0396825396824,2577.809523809524
Nikrîz Seyir,1,19.334518267321773,19.334518267321773,2642.5238095238096,2642.5238095238096
Hüseynî Aranağme,3,16.686233262849456,25.00595549292935,2644.7619047619046,2390.7380952380954
Bûselik Aranağme,5,17.968291569754445,31.40779670131119,2644.9333333333334,2222.9523809523807
Hicaz-Uzzâl Seyir,2,18.148718759227815,22.771097168775924,2647.9940476190477,2526.1785714285716
Sultânîyegâh Küpe,1,18.38712581402364,18.38712581402364,2648.309523809524,2648.309523809524
Hüseynî Seyir,3,18.614187406339667,22.018659617419825,2648.8809523809523,2526.1666666666665
Ferahnâkaşîrân İlâhî,1,18.005766315255784,18.005766315255784,2654.0714285714284,2654.0714285714284
Pesendîde Türkü,1,18.28604066171857,18.28604066171857,2663.5,2663.5
Dilkeşhâveran Seyir,1,18.55649524540796,18.55649524540796,2663.7380952380954,2663.7380952380954
Nihâvent Aranağme,2,18.22376817945718,22.280728372879356,2667.0476190476193,2559.6428571428573
Kürdîlihicazkâr Aranağme,2,16.965642883904163,18.467239531597777,2682.2738095238096,2661.3333333333335
Sûzidil Aranağme,2,17.54418020283374,17.674875620979318,2684.595238095238,2666.095238095238
Isfahân Aranağme,1,15.896341251220285,15.896341251220285,2692.2380952380954,2692.2380952380954
Şedarabân Seyir,2,17.64423315816719,18.4133823607922,2698.6785714285716,2689.809523809524
Acemkürdî Küpe,1,17.14860151316361,17.14860151316361,2698.9285714285716,2698.9285714285716
Kürdî Küpe,1,17.10950269386972,17.10950269386972,2699.9523809523807,2699.9523809523807
Nev`eser Seyir,2,16.96387132953764,18.880235727422157,2706.392857142857,2645.1190476190477
Bûselik Seyir,3,16.399347892998826,18.151851417701387,2706.876984126984,2676.035714285714
Muhayyerkürdî Marş,1,16.18126529829224,16.18126529829224,2710.714285714286,2710.714285714286
Çargâh(Yeni) Sazeseri,1,17.09838080192068,17.09838080192068,2726.285714285714,2726.285714285714
Karcığar Mandra,1,16.780960626419425,16.780960626419425,2726.6666666666665,2726.6666666666665
Hüseynî Marş,1,17.170026177237993,17.170026177237993,2728.4285714285716,2728.4285714285716
Karcığar Aranağme,3,15.26296082725924,17.78788359652688,2733.2936507936506,2671.3809523809523
Mâhur Aranağme,3,15.18001580986055,19.30471776387004,2736.5,2651.2619047619046
Sultânîyegâh Aranağme,2,14.735964076558908,19.97380797375669,2739.690476190476,2610.4285714285716
Şehnâzbûselik Seyir,1,13.975470753080788,13.975470753080788,2748.285714285714,2748.285714285714
Tâhir Seyir,2,13.511720222518395,20.53641001183535,2752.595238095238,2602.1666666666665
Rast Şuğul,1,12.254556900947145,12.254556900947145,2769.714285714286,2769.714285714286
Sûzinâk Aranağme,2,12.94792605983421,15.172164063018839,2774.916666666667,2720.404761904762
Uşşak Aranağme,3,13.99332159566848,16.889984983142412,2775.277777777778,2706.095238095238
Şedarabân Aranağme,1,14.148202230407316,14.148202230407316,2783.5476190476193,2783.5476190476193
Acemaşîrân Aranağme,7,12.832327453705291,23.1829351325614,2784.0510204081634,2540.5
Acemkürdî Aranağme,5,12.84841324110078,17.355471394809445,2790.3333333333335,2669.3333333333335
Rast Aranağme,2,13.781093890261552,14.517987159050277,2790.5357142857147,2777.4285714285716
Ruhnevaz Seyir,1,12.18683183649785,12.18683183649785,2795.6666666666665,2795.6666666666665
Hûzî Türkü,1,13.93955036460838,13.93955036460838,2796.5238095238096,2796.5238095238096
Hicaz-Hümâyûn Aranağme,2,12.902105031105187,13.333403475767927,2801.5476190476193,2798.6428571428573
Mâhur Salâtüselâm,1,13.586325444073179,13.586325444073179,2801.904761904762,2801.904761904762
Eviç Aranağme,3,12.931870683806656,15.654265073822877,2803.7619047619046,2745.0238095238096
Kürdî Seyir,1,12.80954447406843,12.80954447406843,2803.904761904762,2803.904761904762
Aşkefzâ Seyir,1,12.926061462274394,12.926061462274394,2813.214285714286,2813.214285714286
Segâh Salâtıümmiye,1,12.204907267156456,12.204907267156456,2825.785714285714,2825.785714285714
Yegâh Aranağme,1,11.556094648328965,11.556094648328965,2826.9285714285716,2826.9285714285716
Muhayyerkürdî Aranağme,1,11.523320341380652,11.523320341380652,2827.3809523809523,2827.3809523809523
Rast Nefes,1,11.856590078454381,11.856590078454381,2829.1666666666665,2829.1666666666665
Karcığar Örnek-öz,3,10.970057823867371,13.99110554584483,2829.5555555555557,2770.9761904761904
Nikrîz Aranağme,1,11.82169774471722,11.82169774471722,2832.6666666666665,2832.6666666666665
Sabâ Aranağme,1,11.212229655692225,11.212229655692225,2834.8809523809523,2834.8809523809523
Sabâ Örnek-öz,2,10.620854490536978,11.709128702073942,2842.4285714285716,2831.9761904761904
Nişâburek Aranağme,1,9.37975538063362,9.37975538063362,2855.1666666666665,2855.1666666666665
Şehnâzbûselik Örnek-öz,1,10.233217252352603,10.233217252352603,2859.2380952380954,2859.2380952380954
Segâh Aranağme,1,9.272105076216132,9.272105076216132,2861.714285714286,2861.714285714286
Hicaz-Zirgüle Aranağme,1,9.430325905222375,9.430325905222375,2870.0714285714284,2870.0714285714284
Ferahnümâ Seyir,1,9.48060809284959,9.48060809284959,2870.8333333333335,2870.8333333333335
Hicaz Örnek-öz,4,8.633906673116515,10.789965721107304,2873.8214285714284,2850
Hüzzam Örnek-öz,2,8.854749195685386,9.818008161079048,2875.9761904761904,2863.7619047619046
Segâh Tekbîr,1,8.988333410327206,8.988333410327206,2876.690476190476,2876.690476190476
Nihâvent Kasaphavası,1,8.165643292616126,8.165643292616126,2878.9285714285716,2878.9285714285716
Muhayyer Bozlak,1,7.859334604715838,7.859334604715838,2886.785714285714,2886.785714285714
Irak İlâhî,1,7.8378686115522145,7.8378686115522145,2890.6666666666665,2890.6666666666665
Hüseynî Örnek-öz,3,7.218311530877328,9.31794341160727,2891.6031746031745,2863.0714285714284
Muhayyer Aranağme,1,7.4772803804080645,7.4772803804080645,2891.7380952380954,2891.7380952380954
Uşşak Örnek-öz,4,6.727883395901877,8.960104658753323,2898.6309523809523,2875.4523809523807
Rast Örnek-öz,3,5.147275047819299,7.8378187351256825,2909.904761904762,2888.4285714285716
Kürdî Örnek-öz,3,4.326692402744473,6.34475313560086,2913.0555555555557,2894.6190476190477
Segâh Örnek-öz,2,4.628652646930593,5.705370468393405,2915.035714285714,2909.214285714286
Bûselik Örnek-öz,3,4.603195615378777,5.345821094869136,2916.4285714285716,2913.190476190476
Kürdî-Gerdâniye Türkü,1,4.05829853854778,4.05829853854778,2920.8571428571427,2920.8571428571427
Kürdî Aranağme,1,3.2940395957435076,3.2940395957435076,2922.7619047619046,2922.7619047619046
Gerdâniye Oyunhavası,1,1.169911958355748,1.169911958355748,2928.0476190476193,2928.0476190476193
